"","names","pred.pos","correct","category"
"1","Ensemble",0.271505376344086,0.583333333333333,"Ensemble"
"2","Trait.1",0.443548387096774,0.916666666666667,"Trait"
"3","Trait.2",0.408602150537634,0.888888888888889,"Trait"
"4","Trait.3",0.809866392600206,0.96969696969697,"Trait"
"5","Hybrid",0.240037950664137,0.342857142857143,"Hybrid"
"6","Network.1",0.858267716535433,0.95,"Network"
"7","Network.2",0.224409448818898,0.05,"Network"
"8","Network.3",0.637795275590551,0.55,"Network"
"9","Network.4",0.377952755905512,0.4,"Network"
