"","names","pred.pos","correct","category"
"1","Ensemble",0.271505376344086,0.586206896551724,"Ensemble"
"2","Trait.1",0.443548387096774,0.896551724137931,"Trait"
"3","Trait.2",0.408602150537634,0.862068965517241,"Trait"
"4","Trait.3",0.809866392600206,0.962962962962963,"Trait"
"5","Hybrid",0.240037950664137,0.392857142857143,"Hybrid"
"6","Network.1",0.858267716535433,1,"Network"
"7","Network.2",0.224409448818898,0.0588235294117647,"Network"
"8","Network.3",0.637795275590551,0.529411764705882,"Network"
"9","Network.4",0.377952755905512,0.411764705882353,"Network"
