"","names","pred.pos","correct","category"
"1","Ensemble",0.271505376344086,0.64,"Ensemble"
"2","Trait.1",0.443548387096774,0.92,"Trait"
"3","Trait.2",0.408602150537634,0.88,"Trait"
"4","Trait.3",0.809866392600206,0.956521739130435,"Trait"
"5","Hybrid",0.240037950664137,0.375,"Trait"
"6","Network.1",0.858267716535433,1,"Network"
"7","Network.2",0.224409448818898,0.0666666666666667,"Network"
"8","Network.3",0.637795275590551,0.533333333333333,"Network"
"9","Network.4",0.377952755905512,0.4,"Network"
